question,answer,CAP_TOTALE
How much of Capture Totale Firming & Wrinkle-correcting Creme’s ingredients are of natural origin 1?,"89%",10
How much of Capture Totale Firming & Wrinkle-correcting Creme’s ingredients are of natural origin 1?,"72%",10
How much of Capture Totale Firming & Wrinkle-correcting Creme’s ingredients are of natural origin 1?,"68%",10
How much of Capture Totale Firming & Wrinkle-correcting Creme’s ingredients are of natural origin 1?,"51%",10
What can Capture Totale bring to your skin after 1 month?,Wrinkles – 11%,10
What can Capture Totale bring to your skin after 1 month?,Firmness + 11%,10
What can Capture Totale bring to your skin after 1 month?,Tonicity + 10%,10
